Bussiness_City,Bussiness_Country,Bussiness_Description,Bussiness_Name,Bussiness_Street Address,Bussiness_Zipcode,Customer_Address_line1,Customer_Address_line2,Customer_Email,Customer_Name,Customer_Phone Number,Invoice_Bill Details_Name,Invoice_Bill Details_Quantitynbsp;,Invoice_Bill Details_Rate,Invoice_Description,Invoice_Due Date,Invoice_Issue Date,Invoice_Number,Invoice_Tax
Jamestown,"Tennessee, USA",We are here to serve you better. Reach out to us in case of any concern or feedbacks.,NearBy Electronics,3741 Glory Road,38556,353 Cara Shoals,Due date: 08-07-2023,Willis_Koelpin4@yahoo.com,Willis Koelpin,783-402-5895,Rustic Rubber Gloves,102,29,minim velit velit fugiat culpa deserunt ex aliquip cillum est aliqua ex amet amet,08-07-2023,12-05-2023,NL57EPAS7793742478,10
Jamestown,"Tennessee, USA",We are here to serve you better. Reach out to us in case of any concern or feedbacks.,NearBy Electronics,3741 Glory Road,38556,353 Cara Shoals,Due date: 08-07-2023,Willis_Koelpin4@yahoo.com,Willis Koelpin,783-402-5895,Fantastic Granite Salad,39,27,minim velit velit fugiat culpa deserunt ex aliquip cillum est aliqua ex amet amet,08-07-2023,12-05-2023,NL57EPAS7793742478,10
Jamestown,"Tennessee, USA",We are here to serve you better. Reach out to us in case of any concern or feedbacks.,NearBy Electronics,3741 Glory Road,38556,353 Cara Shoals,Due date: 08-07-2023,Willis_Koelpin4@yahoo.com,Willis Koelpin,783-402-5895,Small Fresh Salad,95,69,minim velit velit fugiat culpa deserunt ex aliquip cillum est aliqua ex amet amet,08-07-2023,12-05-2023,NL57EPAS7793742478,10
Jamestown,"Tennessee, USA",We are here to serve you better. Reach out to us in case of any concern or feedbacks.,NearBy Electronics,3741 Glory Road,38556,353 Cara Shoals,Due date: 08-07-2023,Willis_Koelpin4@yahoo.com,Willis Koelpin,783-402-5895,Fantastic Metal Chips,67,49,minim velit velit fugiat culpa deserunt ex aliquip cillum est aliqua ex amet amet,08-07-2023,12-05-2023,NL57EPAS7793742478,10
Jamestown,"Tennessee, USA",We are here to serve you better. Reach out to us in case of any concern or feedbacks.,NearBy Electronics,3741 Glory Road,38556,353 Cara Shoals,Due date: 08-07-2023,Willis_Koelpin4@yahoo.com,Willis Koelpin,783-402-5895,Refined Cotton Pants,79,72,minim velit velit fugiat culpa deserunt ex aliquip cillum est aliqua ex amet amet,08-07-2023,12-05-2023,NL57EPAS7793742478,10
Jamestown,"Tennessee, USA",We are here to serve you better. Reach out to us in case of any concern or feedbacks.,NearBy Electronics,3741 Glory Road,38556,353 Cara Shoals,Due date: 08-07-2023,Willis_Koelpin4@yahoo.com,Willis Koelpin,783-402-5895,Ergonomic Concrete Towels,35,22,minim velit velit fugiat culpa deserunt ex aliquip cillum est aliqua ex amet amet,08-07-2023,12-05-2023,NL57EPAS7793742478,10
Jamestown,"Tennessee, USA",We are here to serve you better. Reach out to us in case of any concern or feedbacks.,NearBy Electronics,3741 Glory Road,38556,121 Jacobs River,Due date: 08-07-2023,Don_Zulauf40@hotmail.com,Don Zulauf,110-825-4839,Awesome Fresh Hat,28,60,veniam,08-07-2023,12-05-2023,TG67TS4201156943079376302586,10
Jamestown,"Tennessee, USA",We are here to serve you better. Reach out to us in case of any concern or feedbacks.,NearBy Electronics,3741 Glory Road,38556,121 Jacobs River,Due date: 08-07-2023,Don_Zulauf40@hotmail.com,Don Zulauf,110-825-4839,Licensed Fresh Pizza,114,94,veniam,08-07-2023,12-05-2023,TG67TS4201156943079376302586,10
Jamestown,"Tennessee, USA",We are here to serve you better. Reach out to us in case of any concern or feedbacks.,NearBy Electronics,3741 Glory Road,38556,121 Jacobs River,Due date: 08-07-2023,Don_Zulauf40@hotmail.com,Don Zulauf,110-825-4839,Unbranded Concrete Shirt,44,95,veniam,08-07-2023,12-05-2023,TG67TS4201156943079376302586,10
Jamestown,"Tennessee, USA",We are here to serve you better. Reach out to us in case of any concern or feedbacks.,NearBy Electronics,3741 Glory Road,38556,121 Jacobs River,Due date: 08-07-2023,Don_Zulauf40@hotmail.com,Don Zulauf,110-825-4839,Sleek Plastic Shirt,28,96,veniam,08-07-2023,12-05-2023,TG67TS4201156943079376302586,10
Jamestown,"Tennessee, USA",We are here to serve you better. Reach out to us in case of any concern or feedbacks.,NearBy Electronics,3741 Glory Road,38556,121 Jacobs River,Due date: 08-07-2023,Don_Zulauf40@hotmail.com,Don Zulauf,110-825-4839,Rustic Plastic Fish,83,44,veniam,08-07-2023,12-05-2023,TG67TS4201156943079376302586,10
Jamestown,"Tennessee, USA",We are here to serve you better. Reach out to us in case of any concern or feedbacks.,NearBy Electronics,3741 Glory Road,38556,121 Jacobs River,Due date: 08-07-2023,Don_Zulauf40@hotmail.com,Don Zulauf,110-825-4839,Intelligent Granite Computer,117,85,veniam,08-07-2023,12-05-2023,TG67TS4201156943079376302586,10
Jamestown,"Tennessee, USA",We are here to serve you better. Reach out to us in case of any concern or feedbacks.,NearBy Electronics,3741 Glory Road,38556,121 Jacobs River,Due date: 08-07-2023,Don_Zulauf40@hotmail.com,Don Zulauf,110-825-4839,Ergonomic Fresh Salad,34,25,veniam,08-07-2023,12-05-2023,TG67TS4201156943079376302586,10
Jamestown,"Tennessee, USA",We are here to serve you better. Reach out to us in case of any concern or feedbacks.,NearBy Electronics,3741 Glory Road,38556,121 Jacobs River,Due date: 08-07-2023,Don_Zulauf40@hotmail.com,Don Zulauf,110-825-4839,Generic Wooden Sausages,128,87,veniam,08-07-2023,12-05-2023,TG67TS4201156943079376302586,10
Jamestown,"Tennessee, USA",We are here to serve you better. Reach out to us in case of any concern or feedbacks.,NearBy Electronics,3741 Glory Road,38556,121 Jacobs River,Due date: 08-07-2023,Don_Zulauf40@hotmail.com,Don Zulauf,110-825-4839,Handmade Wooden Shoes,4,23,veniam,08-07-2023,12-05-2023,TG67TS4201156943079376302586,10
Jamestown,"Tennessee, USA",We are here to serve you better. Reach out to us in case of any concern or feedbacks.,NearBy Electronics,3741 Glory Road,38556,353 Cara Shoals,Due date: 08-07-2023,Willis_Koelpin4@yahoo.com,Willis Koelpin,783-402-5895,Rustic Rubber Gloves,102,29,minim velit velit fugiat culpa deserunt ex aliquip cillum est aliqua ex amet amet,08-07-2023,12-05-2023,NL57EPAS7793742478,10
Jamestown,"Tennessee, USA",We are here to serve you better. Reach out to us in case of any concern or feedbacks.,NearBy Electronics,3741 Glory Road,38556,353 Cara Shoals,Due date: 08-07-2023,Willis_Koelpin4@yahoo.com,Willis Koelpin,783-402-5895,Fantastic Granite Salad,39,27,minim velit velit fugiat culpa deserunt ex aliquip cillum est aliqua ex amet amet,08-07-2023,12-05-2023,NL57EPAS7793742478,10
Jamestown,"Tennessee, USA",We are here to serve you better. Reach out to us in case of any concern or feedbacks.,NearBy Electronics,3741 Glory Road,38556,353 Cara Shoals,Due date: 08-07-2023,Willis_Koelpin4@yahoo.com,Willis Koelpin,783-402-5895,Small Fresh Salad,95,69,minim velit velit fugiat culpa deserunt ex aliquip cillum est aliqua ex amet amet,08-07-2023,12-05-2023,NL57EPAS7793742478,10
Jamestown,"Tennessee, USA",We are here to serve you better. Reach out to us in case of any concern or feedbacks.,NearBy Electronics,3741 Glory Road,38556,353 Cara Shoals,Due date: 08-07-2023,Willis_Koelpin4@yahoo.com,Willis Koelpin,783-402-5895,Fantastic Metal Chips,67,49,minim velit velit fugiat culpa deserunt ex aliquip cillum est aliqua ex amet amet,08-07-2023,12-05-2023,NL57EPAS7793742478,10
Jamestown,"Tennessee, USA",We are here to serve you better. Reach out to us in case of any concern or feedbacks.,NearBy Electronics,3741 Glory Road,38556,353 Cara Shoals,Due date: 08-07-2023,Willis_Koelpin4@yahoo.com,Willis Koelpin,783-402-5895,Refined Cotton Pants,79,72,minim velit velit fugiat culpa deserunt ex aliquip cillum est aliqua ex amet amet,08-07-2023,12-05-2023,NL57EPAS7793742478,10
Jamestown,"Tennessee, USA",We are here to serve you better. Reach out to us in case of any concern or feedbacks.,NearBy Electronics,3741 Glory Road,38556,353 Cara Shoals,Due date: 08-07-2023,Willis_Koelpin4@yahoo.com,Willis Koelpin,783-402-5895,Ergonomic Concrete Towels,35,22,minim velit velit fugiat culpa deserunt ex aliquip cillum est aliqua ex amet amet,08-07-2023,12-05-2023,NL57EPAS7793742478,10
Jamestown,"Tennessee, USA",We are here to serve you better. Reach out to us in case of any concern or feedbacks.,NearBy Electronics,3741 Glory Road,38556,121 Jacobs River,Due date: 08-07-2023,Don_Zulauf40@hotmail.com,Don Zulauf,110-825-4839,Awesome Fresh Hat,28,60,veniam,08-07-2023,12-05-2023,TG67TS4201156943079376302586,10
Jamestown,"Tennessee, USA",We are here to serve you better. Reach out to us in case of any concern or feedbacks.,NearBy Electronics,3741 Glory Road,38556,121 Jacobs River,Due date: 08-07-2023,Don_Zulauf40@hotmail.com,Don Zulauf,110-825-4839,Licensed Fresh Pizza,114,94,veniam,08-07-2023,12-05-2023,TG67TS4201156943079376302586,10
Jamestown,"Tennessee, USA",We are here to serve you better. Reach out to us in case of any concern or feedbacks.,NearBy Electronics,3741 Glory Road,38556,121 Jacobs River,Due date: 08-07-2023,Don_Zulauf40@hotmail.com,Don Zulauf,110-825-4839,Unbranded Concrete Shirt,44,95,veniam,08-07-2023,12-05-2023,TG67TS4201156943079376302586,10
Jamestown,"Tennessee, USA",We are here to serve you better. Reach out to us in case of any concern or feedbacks.,NearBy Electronics,3741 Glory Road,38556,121 Jacobs River,Due date: 08-07-2023,Don_Zulauf40@hotmail.com,Don Zulauf,110-825-4839,Sleek Plastic Shirt,28,96,veniam,08-07-2023,12-05-2023,TG67TS4201156943079376302586,10
Jamestown,"Tennessee, USA",We are here to serve you better. Reach out to us in case of any concern or feedbacks.,NearBy Electronics,3741 Glory Road,38556,121 Jacobs River,Due date: 08-07-2023,Don_Zulauf40@hotmail.com,Don Zulauf,110-825-4839,Rustic Plastic Fish,83,44,veniam,08-07-2023,12-05-2023,TG67TS4201156943079376302586,10
Jamestown,"Tennessee, USA",We are here to serve you better. Reach out to us in case of any concern or feedbacks.,NearBy Electronics,3741 Glory Road,38556,121 Jacobs River,Due date: 08-07-2023,Don_Zulauf40@hotmail.com,Don Zulauf,110-825-4839,Intelligent Granite Computer,117,85,veniam,08-07-2023,12-05-2023,TG67TS4201156943079376302586,10
Jamestown,"Tennessee, USA",We are here to serve you better. Reach out to us in case of any concern or feedbacks.,NearBy Electronics,3741 Glory Road,38556,121 Jacobs River,Due date: 08-07-2023,Don_Zulauf40@hotmail.com,Don Zulauf,110-825-4839,Ergonomic Fresh Salad,34,25,veniam,08-07-2023,12-05-2023,TG67TS4201156943079376302586,10
Jamestown,"Tennessee, USA",We are here to serve you better. Reach out to us in case of any concern or feedbacks.,NearBy Electronics,3741 Glory Road,38556,121 Jacobs River,Due date: 08-07-2023,Don_Zulauf40@hotmail.com,Don Zulauf,110-825-4839,Generic Wooden Sausages,128,87,veniam,08-07-2023,12-05-2023,TG67TS4201156943079376302586,10
Jamestown,"Tennessee, USA",We are here to serve you better. Reach out to us in case of any concern or feedbacks.,NearBy Electronics,3741 Glory Road,38556,121 Jacobs River,Due date: 08-07-2023,Don_Zulauf40@hotmail.com,Don Zulauf,110-825-4839,Handmade Wooden Shoes,4,23,veniam,08-07-2023,12-05-2023,TG67TS4201156943079376302586,10
